model_name,mean_squared_error,root_mean_squared_error,mean_absolute_error,r2_score
LinearRegression,31354670910.818516,177072.5018483065,119357.37073705813,0.6458745723187558
DecisionTreeRegressor,33076438407.014088,181869.28934543647,109880.67185238784,0.6264286131284283
RandomForestRegressor,25301715037.818726,159065.12828970002,92815.65070073355,0.7142377706874607
GradientBoostingRegressor,28225952617.875156,168005.81126221543,101390.41475017207,0.6812108929178156
SVR,94476683332.04697,307370.59607588843,233777.83991460112,-0.06703706079475569
MLPRegressor,297513364026.10364,545447.8563768526,458842.48197743966,-2.360170724683881
XGBRegressor,28013059920.69607,167371.02473455813,96422.93919025868,0.6836153422470141
LGBMRegressor,25795499087.802658,160609.77270329057,92152.60205639114,0.708660882689494
CatBoostRegressor,23800493213.277863,154274.08471054968,89757.58792814173,0.7311928464454563
