model_name,mean_squared_error,root_mean_squared_error,mean_absolute_error,r2_score
LinearRegression,25082495081.541527,158374.54050933037,109660.93022726545,0.6978150802589416
DecisionTreeRegressor,30710351238.996647,175243.69101053724,104166.39085865897,0.6300126843758334
RandomForestRegressor,21592252602.321342,146943.02502099698,84612.34170253601,0.7398642719374899
GradientBoostingRegressor,22341400052.53212,149470.39858290376,91723.79622938382,0.7308388116959863
SVR,87596857352.063,295967.6626796634,226748.13968355206,-0.05533557257555222
MLPRegressor,282921651439.8602,531903.7990462751,448913.9184881899,-2.4085387540364067
XGBRegressor,24513358755.57476,156567.4255890246,89271.6037756648,0.7046718309300721
LGBMRegressor,20746471739.850292,144036.3556184698,83420.28282481438,0.7500539369294876
CatBoostRegressor,19651492014.618324,140183.77942764392,82666.18851748873,0.76324586059225
