model_name,mean_squared_error,root_mean_squared_error,mean_absolute_error,r2_score
LinearRegression,25082495081.541527,158374.54050933037,109660.93022726545,0.6978150802589416
DecisionTreeRegressor,31084125521.862236,176306.90718704765,105619.54679208877,0.6255095856489394
RandomForestRegressor,21424587426.611137,146371.40235241014,84343.47045067091,0.7418842419404998
GradientBoostingRegressor,22341400052.53213,149470.3985829038,91723.79622938382,0.7308388116959862
SVR,87596857352.063,295967.6626796634,226748.13968355206,-0.05533557257555222
MLPRegressor,284585178149.21106,533465.254865967,450616.26426093,-2.4285803281907348
XGBRegressor,24513358755.57476,156567.4255890246,89271.6037756648,0.7046718309300721
LGBMRegressor,20746471739.850292,144036.3556184698,83420.28282481438,0.7500539369294876
CatBoostRegressor,19651492014.618324,140183.77942764392,82666.18851748873,0.76324586059225
