Feature,Scaler_min,Scaler_max
transmission,0.0,1.0
year,88868.01482325347,761152.9857637732
km_driven,358099.965,636824.9509592259
fuel,258840.22495706187,565262.5185810811
seller_type,443727.43313777057,682360.5257548846
owner,223549.42133459126,604966.2760132658
mileage(km/ltr/kg),93651.10537888498,893038.7869278518
engine,161454.66995247052,805122.6726474987
max_power,73252.66665174773,1052525.7628856055
seats,143528.44273278036,702113.9934469201
