Feature,Scaler_min,Scaler_max
transmission,0.0,1.0
year,88282.35171630794,759173.3874502669
km_driven,346121.0429758443,612227.4288926552
fuel,253509.2471724825,570613.6263772955
seller_type,447393.0893866021,686356.8442028986
owner,215159.03603775133,610533.5005256657
mileage(km/ltr/kg),88295.52963626359,937854.4483863871
engine,161571.35755814216,796231.3280811952
max_power,69967.5133917089,1063317.1423946558
seats,153245.2670872716,712834.5807692307
